<?xml version="1.0" encoding="UTF-8"?>
<!DOCTYPE mapper PUBLIC "-//mybatis.org//DTD Mapper 3.0//EN" 
						"http://mybatis.org/dtd/mybatis-3-mapper.dtd">
<mapper namespace="com.fithe.member.dao.MemberDAO">
	
	<!-- 회원가입 -->
	<insert id="memberInsert" parameterType="com.fithe.member.vo.MemberVO">
		INSERT INTO 
			FIT_MEMBER(MNUM, MID, MPW, MNAME, MBIR, MGENDER,
					   MZONECODE, MADDRESS_ROAD, MADDRESS_DETAIL, MPH, MEMAIL, MAUTH,
					   MINSERTDATE, MUPDATEDATE, MDELYN)
			VALUES (#{mnum, jdbcType=VARCHAR}, #{mid, jdbcType=VARCHAR}, #{mpw, jdbcType=VARCHAR},
					#{mname, jdbcType=VARCHAR}, #{mbir, jdbcType=VARCHAR}, #{mgender,jdbcType=VARCHAR}, 
					#{mzonecode, jdbcType=VARCHAR}, #{maddress_road, jdbcType=VARCHAR}, 
					#{maddress_detail, jdbcType=VARCHAR}, #{mph, jdbcType=VARCHAR},
					#{memail, jdbcType=VARCHAR}, 'M', SYSDATE, SYSDATE, 'Y')
	</insert>
	
	<!-- 로그인 -->
	<select id="memberLogin" parameterType="com.fithe.member.vo.MemberVO" resultType="com.fithe.member.vo.MemberVO">
		SELECT MNUM, MID, MPW
		FROM FIT_MEMBER
		WHERE MID = #{mid, jdbcType=VARCHAR} 
		AND   MDELYN = 'Y'
	
	</select>
	
	<!-- 아이디 중복 확인 -->
	<select id="memberidcheck" parameterType="com.fithe.member.vo.MemberVO" resultType="com.fithe.member.vo.MemberVO">
		SELECT MID
		FROM FIT_MEMBER
		WHERE MID 		= #{mid, jdbcType=VARCHAR} 
		AND	  MDELYN 	= 'Y'
	</select>
	
	<!-- 마이 페이지 -->
	<select id="memberPage" parameterType="com.fithe.member.vo.MemberVO" resultType="com.fithe.member.vo.MemberVO">
		SELECT MNUM, MID, MPW, MNAME, MBIR, MGENDER, MZONECODE, 
			   MADDRESS_ROAD, MADDRESS_DETAIL, MPH, MEMAIL
		FROM FIT_MEMBER
		WHERE MNUM = #{mnum, jdbcType=VARCHAR}
		AND MDELYN = 'Y'
	</select>
	
	<!-- 회원 수정 -->
	<update id="memberUpdate" parameterType="com.fithe.member.vo.MemberVO">
		UPDATE FIT_MEMBER
		SET
			MNAME 			 =	#{mname, jdbcType=VARCHAR}
			,MZONECODE 		 =	#{mzonecode, jdbcType=VARCHAR}
			,MADDRESS_ROAD 	 = 	#{maddress_road, jdbcType=VARCHAR}
			,MADDRESS_DETAIL = 	#{maddress_detail, jdbcType=VARCHAR}
			,MPH			 =	#{mph, jdbcType=VARCHAR}
			,MEMAIL 		 =	#{memail, jdbcType=VARCHAR}
			,MUPDATEDATE 	 =	SYSDATE
		WHERE MNUM 			 =  #{mnum, jdbcType=VARCHAR}
		AND	  MDELYN		 =  'Y'
	</update>
	
	<!-- 회원 삭제 -->
	<update id="memberDelete" parameterType="com.fithe.member.vo.MemberVO">
		UPDATE FIT_MEMBER
		SET
			MUPDATEDATE		=	SYSDATE
			,MDELYN			=	'N'
		WHERE MNUM 			 =  #{mnum, jdbcType=VARCHAR}
		AND		MDELYN		=	'Y'
	</update>
	
	<!-- 아이디 찾기 -->
	<select id="memberIdFind" parameterType="com.fithe.member.vo.MemberVO" resultType="com.fithe.member.vo.MemberVO">
		SELECT MID
		FROM FIT_MEMBER
		WHERE MNAME  = #{mname, jdbcType=VARCHAR}
		AND	  MEMAIL = #{memail, jdbcType=VARCHAR}
		AND   MDELYN = 'Y'
	</select>
	
	<!-- 비밀번호 찾기 -->
	<select id="memberPwFind" parameterType="com.fithe.member.vo.MemberVO" resultType="com.fithe.member.vo.MemberVO">
		SELECT MPW
		FROM FIT_MEMBER
		WHERE MID	 = #{mid, jdbcType=VARCHAR}
		AND	  MEMAIL = #{memail, jdbcType=VARCHAR}
		AND   MDELYN = 'Y'
	</select>
	<!-- 비밀번호 수정 -->
<!-- 	<update id="memberPwChange" parameterType="com.fithe.member.vo.MemberVO"> -->
<!-- 		UPDATE FIT_MEMBER -->
<!-- 		SET -->
<!-- 			MUPDATEDATE		=	SYSDATE -->
<!-- 			,MPW			=   #{mpw, jdbcType=VARCHAR} -->
<!-- 		WHERE MNUM 			=	#{mnum, jdbcType=VARCHAR} -->
<!-- 		AND	  MDELYN		=	'Y' -->
<!-- 	</update> -->
</mapper>