<?xml version="1.0" encoding="UTF-8"?>
<beans  xmlns="http://www.springframework.org/schema/beans"
		xmlns:xsi="http://www.w3.org/2001/XMLSchema-instance"
		xmlns:context="http://www.springframework.org/schema/context"
		xmlns:security="http://www.springframework.org/schema/security"
		xsi:schemaLocation="http://www.springframework.org/schema/beans 
							http://www.springframework.org/schema/beans/spring-beans.xsd
							http://www.springframework.org/schema/context 
							http://www.springframework.org/schema/context/spring-context.xsd
							http://www.springframework.org/schema/security 
							http://www.springframework.org/schema/security/spring-security.xsd">

	<!-- DB Connection  -->
	<!--  DataSource -->
	<bean id="dataSource" class="org.springframework.jndi.JndiObjectFactoryBean">
		<property name="jndiName" value="java:/comp/env/jdbc/Oracle11g_orclLBC00" />
	</bean>
	
	<!-- Mybatis Sqlsession  -->	
	<bean id="sqlSessionFactory" class="org.mybatis.spring.SqlSessionFactoryBean">
		<property name="dataSource" ref="dataSource" />
<!-- 		<property name="configLocation" value="classpath:/mybatisConfig/mybatis-config.xml" /> -->
		<property name="mapperLocations" value="classpath:/mybatisQuery/*.xml" />
	</bean>
	
<!-- 	<bean id="sqlSession" class="org.mybatis.spring.SqlSessionTemplate" -->
<!-- 		destroy-method="clearCache"> -->
<!-- 		<constructor-arg name="sqlSessionFactory" ref="sqlSessionFactory" />	 -->
<!-- 	</bean> -->
	
	<bean id="transactionManager" 
		class="org.springframework.jdbc.datasource.DataSourceTransactionManager">
		<property name="dataSource" ref="dataSource" />	
	</bean>
	
	<bean class="org.mybatis.spring.mapper.MapperScannerConfigurer">
		<property name="basePackage"> 
			<value>com.fithe.**.dao</value>	
		</property>	
	</bean>
	
	<!-- mail보내기위한 계정 setting -->
	<bean id="mailSender" class="org.springframework.mail.javamail.JavaMailSenderImpl">
		<property name="host" value="smtp.gmail.com" />
		<property name="port" value="587" />
		<property name="username" value="oolww11@gmail.com"/>
		<property name="password" value="aksen147!"/>
		<property name="javaMailProperties">
			<props>
				<prop key="mail.transport.protocol">smtp</prop>
				<prop key="mail.smtp.auth">true</prop>
				<prop key="mail.smtp.starttls.enable">true</prop>
				<prop key="mail.debug">true</prop>
			</props>
		</property>
	</bean>
	
	<!-- 비밀번호 암호화 setting -->
	<bean id="bcryptPasswordEncoder" class="org.springframework.security.crypto.bcrypt.BCryptPasswordEncoder"/>
	
	

</beans>
